True_Value,Found_Value
43.125541808882495,41.13792040982355
