True_Value,Found_Value
43.125541808882495,40.95572230864615
