True_Value,Found_Value
43.125541808882495,41.27888405382374
