True_Value,Found_Value
43.125541808882495,41.708546526046696
